RBP	reference	SRA	PARCLIPsuite_QC	DownloadLink	PARpipe_QC	RNAse	Reads	T2Cfraction	RedundantCopyFraction	ConversionSpecificity	Name	replicate.number	Lab	
1	AGO1	Hafner_2010	SRR048973	ftp://ftp.sra.ebi.ac.uk/vol1/fastq/SRR048/SRR048973/SRR048973.fastq.gz	pass	pass	T1	197925	0.8440364363	0.772040432	0.8268925097	AGO1_SRR048973	1	Tuschl
2	AGO1	Memczak_2013	SRR650318	ftp://ftp.sra.ebi.ac.uk/vol1/fastq/SRR650/SRR650318/SRR650318.fastq.gz	pass	pass	T1	1527733	0.8595635353	0.5905534206	0.874350849	AGO1_SRR650318	1	Landthaler/Rajewsky
3	AGO1	Memczak_2013	SRR650319	ftp://ftp.sra.ebi.ac.uk/vol1/fastq/SRR650/SRR650319/SRR650319.fastq.gz	pass	pass	T1	101295	0.7074048209	0.6330334147	0.6487654451	AGO1_SRR650319	2	Landthaler/Rajewsky
4	AGO1	Memczak_2013	SRR650320	ftp://ftp.sra.ebi.ac.uk/vol1/fastq/SRR650/SRR650320/SRR650320.fastq.gz	pass	pass	T1	355109	0.8209972859	0.6213036093	0.8145387315	AGO1_SRR650320	3	Landthaler/Rajewsky
5	AGO2	Hafner_2010	SRR048974	ftp://ftp.sra.ebi.ac.uk/vol1/fastq/SRR048/SRR048974/SRR048974.fastq.gz	fail	NA	NA	NA	NA	NA	NA	NA	1	Tuschl
6	AGO2	Hafner_2010	SRR048975	ftp://ftp.sra.ebi.ac.uk/vol1/fastq/SRR048/SRR048975/SRR048975.fastq.gz	fail	NA	NA	NA	NA	NA	NA	NA	2	Tuschl
7	AGO2	Kishore_2011	SRR189786	ftp://ftp.sra.ebi.ac.uk/vol1/fastq/SRR189/SRR189786/SRR189786.fastq.gz	pass	fail	Mnase	592060	0.8531428143	0.4522585034	0.8275180425	AGO2_SRR189786	3	Zavolan
8	AGO2	Kishore_2011	SRR189787	ftp://ftp.sra.ebi.ac.uk/vol1/fastq/SRR189/SRR189787/SRR189787.fastq.gz	pass	fail	Mnase	436635	0.8183565139	0.4657634755	0.7386383077	AGO2_SRR189787	4	Zavolan
9	AGO2	Kishore_2011	SRR189784	ftp://ftp.sra.ebi.ac.uk/vol1/fastq/SRR189/SRR189784/SRR189784.fastq.gz	pass	pass	T1	1462600	0.8791089883	0.5787341919	0.9227045188	AGO2_SRR189784	1	Zavolan
10	AGO2	Kishore_2011	SRR189785	ftp://ftp.sra.ebi.ac.uk/vol1/fastq/SRR189/SRR189785/SRR189785.fastq.gz	pass	pass	T1	367967	0.6828774222	0.6373605657	0.6478259946	AGO2_SRR189785	2	Zavolan
11	AGO2	Memczak_2013	SRR650321	ftp://ftp.sra.ebi.ac.uk/vol1/fastq/SRR650/SRR650321/SRR650321.fastq.gz	pass	pass	T1	231671	0.8141389903	0.9662635141	1.0499395838	AGO2_SRR650321	1	Landthaler/Rajewsky
12	AGO3	Hafner_2010	SRR048977	ftp://ftp.sra.ebi.ac.uk/vol1/fastq/SRR048/SRR048977/SRR048977.fastq.gz	fail	NA	NA	NA	NA	NA	NA	NA	2	Tuschl
13	AGO3	Hafner_2010	SRR048976	ftp://ftp.sra.ebi.ac.uk/vol1/fastq/SRR048/SRR048976/SRR048976.fastq.gz	pass	pass	T1	336357	0.8677761704	0.6925170023	0.8945916268	AGO3_SRR048976	1	Tuschl
14	AGO4	Hafner_2010	SRR048978	ftp://ftp.sra.ebi.ac.uk/vol1/fastq/SRR048/SRR048978/SRR048978.fastq.gz	fail	NA	NA	NA	NA	NA	NA	NA	1	Tuschl
15	AGO4	Hafner_2010	SRR048979	ftp://ftp.sra.ebi.ac.uk/vol1/fastq/SRR048/SRR048979/SRR048979.fastq.gz	pass	pass	T1	68861	0.4801664114	0.8313486111	0.2444250192	AGO4_SRR048979	2	Tuschl
16	ALKBH5	Baltz_2012	SRR500478	ftp://ftp.sra.ebi.ac.uk/vol1/fastq/SRR500/SRR500478/SRR500478.fastq.gz	pass	pass	T1	45160	0.4982922736	0.8243734506	0.2786404985	ALKBH5_SRR500478	1	Landthaler/Rajewsky
17	ALKBH5	Baltz_2012	SRR500479	ftp://ftp.sra.ebi.ac.uk/vol1/fastq/SRR500/SRR500479/SRR500479.fastq.gz	pass	pass	T1	56647	0.6475474193	0.9609369693	0.6150981165	ALKBH5_SRR500479	2	Landthaler/Rajewsky
18	ATXN2	Yokoshi_2014	DRR014103	ftp://ftp.sra.ebi.ac.uk/vol1/fastq/DRR014/DRR014103/DRR014103.fastq.gz	pass	fail	T1	439987	0.7607983439	0.9807854294	1.8370379731	ATXN2_DRR014103	1	Kawahara
19	CAPRIN1	Baltz_2012	SRR500484	ftp://ftp.sra.ebi.ac.uk/vol1/fastq/SRR500/SRR500484/SRR500484.fastq.gz	pass	pass	T1	77786	0.7084533381	0.9754532159	1.3328882446	CAPRIN1_SRR500484	1	Landthaler/Rajewsky
20	CAPRIN1	Baltz_2012	SRR500485	ftp://ftp.sra.ebi.ac.uk/vol1/fastq/SRR500/SRR500485/SRR500485.fastq.gz	pass	pass	T1	733138	0.8124790038	0.9051953419	0.8124440721	CAPRIN1_SRR500485	2	Landthaler/Rajewsky
21	CPSF1	Martin_2012	SRR488737	ftp://ftp.sra.ebi.ac.uk/vol1/fastq/SRR488/SRR488737/SRR488737.fastq.gz	pass	fail	T1_I	346979	0.2482156105	0.9230543561	0.2192830197	CPSF1_SRR488737	2	Zavolan
22	CPSF1	Martin_2012	SRR488736	ftp://ftp.sra.ebi.ac.uk/vol1/fastq/SRR488/SRR488736/SRR488736.fastq.gz	pass	pass	T1_I	5563306	0.653373363	0.7691333384	0.6937596411	CPSF1_SRR488736	1	Zavolan
23	CPSF2	Martin_2012	SRR488735	ftp://ftp.sra.ebi.ac.uk/vol1/fastq/SRR488/SRR488735/SRR488735.fastq.gz	fail	NA	NA	NA	NA	NA	NA	NA	2	Zavolan
24	CPSF2	Martin_2012	SRR488734	ftp://ftp.sra.ebi.ac.uk/vol1/fastq/SRR488/SRR488734/SRR488734.fastq.gz	pass	fail	T1_I	84206	0.2282924402	0.9173100296	0.1945214349	CPSF2_SRR488734	1	Zavolan
25	CPSF3	Martin_2012	SRR488732	ftp://ftp.sra.ebi.ac.uk/vol1/fastq/SRR488/SRR488732/SRR488732.fastq.gz	pass	fail	T1_I	710686	0.1365281667	0.8969377226	-0.3194923547	CPSF3_SRR488732	1	Zavolan
26	CPSF3	Martin_2012	SRR488733	ftp://ftp.sra.ebi.ac.uk/vol1/fastq/SRR488/SRR488733/SRR488733.fastq.gz	pass	pass	T1_I	258603	0.662497761	0.8813039877	0.6367291765	CPSF3_SRR488733	2	Zavolan
27	CPSF4	Martin_2012	SRR488730	ftp://ftp.sra.ebi.ac.uk/vol1/fastq/SRR488/SRR488730/SRR488730.fastq.gz	pass	fail	T1_I	397546	0.1658326289	0.8346047883	-0.143037847	CPSF4_SRR488730	1	Zavolan
28	CPSF4	Martin_2012	SRR488731	ftp://ftp.sra.ebi.ac.uk/vol1/fastq/SRR488/SRR488731/SRR488731.fastq.gz	pass	pass	T1_I	229341	0.4694888515	0.8886602756	0.4106666772	CPSF4_SRR488731	2	Zavolan
29	CPSF6	Martin_2012	SRR488728	ftp://ftp.sra.ebi.ac.uk/vol1/fastq/SRR488/SRR488728/SRR488728.fastq.gz	pass	pass	T1_I	3885560	0.7519329241	0.5242173032	0.6273490671	CPSF6_SRR488728	1	Zavolan
30	CPSF6	Martin_2012	SRR488729	ftp://ftp.sra.ebi.ac.uk/vol1/fastq/SRR488/SRR488729/SRR488729.fastq.gz	pass	pass	T1_I	6732548	0.8287424236	0.3689315983	0.7228700939	CPSF6_SRR488729	2	Zavolan
31	CPSF7	Martin_2012	SRR488727	ftp://ftp.sra.ebi.ac.uk/vol1/fastq/SRR488/SRR488727/SRR488727.fastq.gz	pass	pass	T1_I	16227990	0.762962389	0.1311764258	0.6740744248	CPSF7_SRR488727	1	Zavolan
32	CSTF2	Martin_2012	SRR488740	ftp://ftp.sra.ebi.ac.uk/vol1/fastq/SRR488/SRR488740/SRR488740.fastq.gz	pass	pass	T1_I	4189524	0.7943536259	0.7449710112	0.7630727528	CSTF2_SRR488740	1	Zavolan
33	CSTF2T	Martin_2012	SRR488741	ftp://ftp.sra.ebi.ac.uk/vol1/fastq/SRR488/SRR488741/SRR488741.fastq.gz	pass	pass	T1_I	10996900	0.7441563434	0.7077688631	0.7622687924	CSTF2T_SRR488741	1	Zavolan
34	CSTF2T	Martin_2012	SRR488742	ftp://ftp.sra.ebi.ac.uk/vol1/fastq/SRR488/SRR488742/SRR488742.fastq.gz	pass	pass	T1_I	1489637	0.8598342448	0.4748983803	0.7440951252	CSTF2T_SRR488742	2	Zavolan
35	PRKRA	Rybak-Wolf_2014	SRR1657191	ftp://ftp.sra.ebi.ac.uk/vol1/fastq/SRR165/001/SRR1657191/SRR1657191.fastq.gz	fail	NA	NA	NA	NA	NA	NA	NA	1	Landthaler/Rajewsky
36	PRKRA	Rybak-Wolf_2014	SRR1657192	ftp://ftp.sra.ebi.ac.uk/vol1/fastq/SRR165/002/SRR1657192/SRR1657192.fastq.gz	fail	NA	NA	NA	NA	NA	NA	NA	2	Landthaler/Rajewsky
37	PRKRA	Rybak-Wolf_2014	SRR1657193	ftp://ftp.sra.ebi.ac.uk/vol1/fastq/SRR165/003/SRR1657193/SRR1657193.fastq.gz	fail	NA	NA	NA	NA	NA	NA	NA	3	Landthaler/Rajewsky
38	TARBP2	Rybak-Wolf_2014	SRR1657189	ftp://ftp.sra.ebi.ac.uk/vol1/fastq/SRR165/009/SRR1657189/SRR1657189.fastq.gz	fail	NA	NA	NA	NA	NA	NA	NA	1	Landthaler/Rajewsky
39	TARBP2	Rybak-Wolf_2014	SRR1657190	ftp://ftp.sra.ebi.ac.uk/vol1/fastq/SRR165/000/SRR1657190/SRR1657190.fastq.gz	fail	NA	NA	NA	NA	NA	NA	NA	2	Landthaler/Rajewsky
40	DICER1	Rybak-Wolf_2014	SRR1176638	ftp://ftp.sra.ebi.ac.uk/vol1/fastq/SRR117/008/SRR1176638/SRR1176638.fastq.gz	pass	pass	T1	102589	0.6434101863	0.7574255821	0.5035247794	DICER1_SRR1176638	1	Landthaler/Rajewsky
41	DICER1	Rybak-Wolf_2014	SRR1176639	ftp://ftp.sra.ebi.ac.uk/vol1/fastq/SRR117/009/SRR1176639/SRR1176639.fastq.gz	pass	pass	T1	320211	0.8004586311	0.9724623593	1.0542503846	DICER1_SRR1176639	2	Landthaler/Rajewsky
42	DICER1	Rybak-Wolf_2014	SRR1176640	ftp://ftp.sra.ebi.ac.uk/vol1/fastq/SRR117/000/SRR1176640/SRR1176640.fastq.gz	pass	pass	T1	142645	0.7406044046	0.8459117017	0.6982597446	DICER1_SRR1176640	3	Landthaler/Rajewsky
43	DICER1	Rybak-Wolf_2014	SRR1176641	ftp://ftp.sra.ebi.ac.uk/vol1/fastq/SRR117/001/SRR1176641/SRR1176641.fastq.gz	pass	pass	T1	200388	0.7890446758	0.9184593927	0.8491209232	DICER1_SRR1176641	4	Landthaler/Rajewsky
44	DICER1	Rybak-Wolf_2014	SRR1176642	ftp://ftp.sra.ebi.ac.uk/vol1/fastq/SRR117/002/SRR1176642/SRR1176642.fastq.gz	pass	pass	T1	42890	0.6686554858	0.9787124593	0.8652138434	DICER1_SRR1176642	5	Landthaler/Rajewsky
45	DICER1	Rybak-Wolf_2014	SRR1176643	ftp://ftp.sra.ebi.ac.uk/vol1/fastq/SRR117/003/SRR1176643/SRR1176643.fastq.gz	pass	pass	T1	48042	0.6645020265	0.9745045161	0.8367384697	DICER1_SRR1176643	6	Landthaler/Rajewsky
46	DND1	Yamaji_2017	SRR5224313	ftp://ftp.sra.ebi.ac.uk/vol1/fastq/SRR522/003/SRR5224313/SRR5224313.fastq.gz	pass	pass	T1	7960330	0.7793384089	0.752324988	0.7710377697	DND1_DND1_B	1	Hafner/Tuschl
47	DND1	Yamaji_2017	SRR5224312	ftp://ftp.sra.ebi.ac.uk/vol1/fastq/SRR522/002/SRR5224312/SRR5224312.fastq.gz	pass	pass	T1	7960330	0.7793384089	0.752324988	0.7710377697	DND1_DND1_B	1	Hafner/Tuschl
48	DKC1	Kishore_2013	SRR651727	ftp://ftp.sra.ebi.ac.uk/vol1/fastq/SRR651/SRR651727/SRR651727.fastq.gz	fail	NA	NA	NA	NA	NA	NA	NA	1	Zavolan
49	EIF3A	Lee_2015	SRR1761288	ftp://ftp.sra.ebi.ac.uk/vol1/fastq/SRR176/008/SRR1761288/SRR1761288.fastq.gz	pass	pass	T1	52460	0.2809048543	0.7438629537	-0.5646839091	EIF3A_SRR1761288	1	Cate
50	EIF3A	Lee_2015	SRR1761289	ftp://ftp.sra.ebi.ac.uk/vol1/fastq/SRR176/009/SRR1761289/SRR1761289.fastq.gz	pass	pass	T1	150438	0.6518471607	0.963324497	0.9234653091	EIF3A_SRR1761289	2	Cate
51	EIF3A	Lee_2015	SRR1761290	ftp://ftp.sra.ebi.ac.uk/vol1/fastq/SRR176/000/SRR1761290/SRR1761290.fastq.gz	pass	pass	T1	35655	0.4042062022	0.9323234699	0.3013432387	EIF3A_SRR1761290	3	Cate
52	EIF3B	Lee_2015	SRR1761292	ftp://ftp.sra.ebi.ac.uk/vol1/fastq/SRR176/002/SRR1761292/SRR1761292.fastq.gz	fail	NA	NA	NA	NA	NA	NA	NA	2	Cate
53	EIF3B	Lee_2015	SRR1761296	ftp://ftp.sra.ebi.ac.uk/vol1/fastq/SRR176/006/SRR1761296/SRR1761296.fastq.gz	fail	NA	NA	NA	NA	NA	NA	NA	3	Cate
54	EIF3B	Lee_2015	SRR1761297	ftp://ftp.sra.ebi.ac.uk/vol1/fastq/SRR176/007/SRR1761297/SRR1761297.fastq.gz	fail	NA	NA	NA	NA	NA	NA	NA	1	Cate
55	EIF3B	Lee_2015	SRR1761291	ftp://ftp.sra.ebi.ac.uk/vol1/fastq/SRR176/001/SRR1761291/SRR1761291.fastq.gz	pass	pass	T1	149804	0.4187262183	0.8682776404	-0.3057787611	EIF3B_SRR1761291	1	Cate
56	EIF3B	Lee_2015	SRR1761293	ftp://ftp.sra.ebi.ac.uk/vol1/fastq/SRR176/003/SRR1761293/SRR1761293.fastq.gz	pass	pass	T1	43910	0.2235086429	0.9414573996	-0.3544706208	EIF3B_SRR1761293	3	Cate
57	EIF3D	Lee_2015	SRR1761294	ftp://ftp.sra.ebi.ac.uk/vol1/fastq/SRR176/004/SRR1761294/SRR1761294.fastq.gz	pass	pass	T1	56591	0.5008393023	0.8103216372	-0.1119917288	EIF3D_SRR1761294	1	Cate
58	EIF3D	Lee_2015	SRR1761295	ftp://ftp.sra.ebi.ac.uk/vol1/fastq/SRR176/005/SRR1761295/SRR1761295.fastq.gz	pass	pass	T1	129619	0.6115551375	0.9688869636	0.9673058526	EIF3D_SRR1761295	2	Cate
59	EIF3G	Lee_2015	SRR1761298	ftp://ftp.sra.ebi.ac.uk/vol1/fastq/SRR176/008/SRR1761298/SRR1761298.fastq.gz	pass	pass	T1	103185	0.5647477437	0.9597308097	0.7646673761	EIF3G_SRR1761298	2	Cate
60	EIF3G	Lee_2015	SRR1761299	ftp://ftp.sra.ebi.ac.uk/vol1/fastq/SRR176/009/SRR1761299/SRR1761299.fastq.gz	pass	pass	T1	78866	0.4059696128	0.9483839561	0.2811284677	EIF3G_SRR1761299	3	Cate
61	ELAVL1	Friedersdorf_2014	SRR989636	ftp://ftp.sra.ebi.ac.uk/vol1/fastq/SRR989/SRR989636/SRR989636.fastq.gz	pass	fail	T1	2234797	0.8945053941	0.4065047614	0.7431464353	ELAVL1_SRR989636	1	Keene
62	ELAVL1	Friedersdorf_2014	SRR989637	ftp://ftp.sra.ebi.ac.uk/vol1/fastq/SRR989/SRR989637/SRR989637.fastq.gz	pass	pass	T1	5873801	0.891543082	0.9608890428	1.0177544559	ELAVL1_SRR989637	2	Keene
63	ELAVL1	Kishore_2011	SRR189779	ftp://ftp.sra.ebi.ac.uk/vol1/fastq/SRR189/SRR189779/SRR189779.fastq.gz	pass	fail	Mnase	11192856	0.8534030081	0.3067850865	0.7393971796	ELAVL1_SRR189779	3	Zavolan
64	ELAVL1	Kishore_2011	SRR189780	ftp://ftp.sra.ebi.ac.uk/vol1/fastq/SRR189/SRR189780/SRR189780.fastq.gz	pass	fail	Mnase	10473063	0.7957075222	0.289123974	0.6659936904	ELAVL1_SRR189780	4	Zavolan
65	ELAVL1	Kishore_2011	SRR189777	ftp://ftp.sra.ebi.ac.uk/vol1/fastq/SRR189/SRR189777/SRR189777.fastq.gz	pass	pass	T1	2013671	0.677031396	0.4476004839	0.5790522537	ELAVL1_SRR189777	1	Zavolan
66	ELAVL1	Kishore_2011	SRR189778	ftp://ftp.sra.ebi.ac.uk/vol1/fastq/SRR189/SRR189778/SRR189778.fastq.gz	pass	pass	T1	1750987	0.6913834068	0.4142897868	0.5896892612	ELAVL1_SRR189778	2	Zavolan
67	ELAVL1	Kishore_2011	SRR189781	ftp://ftp.sra.ebi.ac.uk/vol1/fastq/SRR189/SRR189781/SRR189781.fastq.gz	pass	pass	T1	5333372	0.7992535725	0.3887023719	0.7203864679	ELAVL1_SRR189781	5	Zavolan
68	ELAVL1	Mandal_2013	SRR653239	ftp://ftp.sra.ebi.ac.uk/vol1/fastq/SRR653/SRR653239/SRR653239.fastq.gz	pass	fail	T1	1933246	0.5695999382	0.9717860797	0.2537973765	ELAVL1_SRR653239	1	Kazazian
69	ELAVL1	Mukherjee_2011	SRR248532	ftp://ftp.sra.ebi.ac.uk/vol1/fastq/SRR248/SRR248532/SRR248532.fastq.gz	pass	pass	T1	2875398	0.7779606422	0.5113841479	0.7042789795	ELAVL1_SRR248532	1	Tuschl
70	ELAVL2	ELAVL2	SRR2048051	ftp://ftp.sra.ebi.ac.uk/vol1/fastq/SRR204/001/SRR2048051/SRR2048051.fastq.gz	pass	pass	T1	1457093	0.8067123407	0.5989963534	0.8569106128	ELAVL2_ELAVL2	1	Tuschl
71	ELAVL3	ELAVL3	SRR2048053	ftp://ftp.sra.ebi.ac.uk/vol1/fastq/SRR204/003/SRR2048053/SRR2048053.fastq.gz	pass	pass	T1	2054650	0.8202861553	0.5805011176	0.849946783	ELAVL3_ELAVL3	1	Tuschl
72	ELAVL4	ELAVL4	SRR2048056	ftp://ftp.sra.ebi.ac.uk/vol1/fastq/SRR204/006/SRR2048056/SRR2048056.fastq.gz	pass	pass	T1	1503850	0.8226623409	0.5578392262	0.8257094654	ELAVL4_ELAVL4	1	Tuschl
73	EWSR1	Hoell_2011	SRR070461	ftp://ftp.sra.ebi.ac.uk/vol1/fastq/SRR070/SRR070461/SRR070461.fastq.gz	pass	pass	T1	204213	0.8456823764	0.9468537849	0.895277926	EWSR1_SRR070461	1	Tuschl
74	EWSR1	Hoell_2011	SRR070460	ftp://ftp.sra.ebi.ac.uk/vol1/fastq/SRR070/SRR070460/SRR070460.fastq.gz	pass	pass	T1	647441	0.8404504517	0.857735825	0.7640087192	EWSR1_SRR070460	1	Tuschl
75	FBL	Kishore_2013	SRR651725	ftp://ftp.sra.ebi.ac.uk/vol1/fastq/SRR651/SRR651725/SRR651725.fastq.gz	pass	pass	T1	496828	0.6795849826	0.7565193148	0.5492308123	FBL_SRR651725	1	Zavolan
76	FBL	Kishore_2013	SRR651726	ftp://ftp.sra.ebi.ac.uk/vol1/fastq/SRR651/SRR651726/SRR651726.fastq.gz	pass	fail	Mnase	910163	0.66727688	0.5451334913	0.5675446744	FBL_SRR651726	2	Zavolan
77	FIP1L1	Martin_2012	SRR488738	ftp://ftp.sra.ebi.ac.uk/vol1/fastq/SRR488/SRR488738/SRR488738.fastq.gz	pass	pass	T1_I	832392	0.5909839676	0.9205344706	0.7770738098	FIP1L1_SRR488738	1	Zavolan
78	FIP1L1	Martin_2012	SRR488739	ftp://ftp.sra.ebi.ac.uk/vol1/fastq/SRR488/SRR488739/SRR488739.fastq.gz	pass	pass	T1_I	2389011	0.7100822315	0.8855210938	0.6835472487	FIP1L1_SRR488739	2	Zavolan
79	FMR1iso1	Ascano_2012	SRR527727	ftp://ftp.sra.ebi.ac.uk/vol1/fastq/SRR527/SRR527727/SRR527727.fastq.gz	pass	pass	T1_Mnase	3476823	0.7788047297	0.1055062135	0.701833404	FMR1iso1_SRR527727	1	Tuschl
80	FMR1iso7	Ascano_2012	SRR527728	ftp://ftp.sra.ebi.ac.uk/vol1/fastq/SRR527/SRR527728/SRR527728.fastq.gz	pass	pass	T1_Mnase	1314893	0.8398941383	0.6646608706	0.7941115605	FMR1iso7_SRR527728	1	Tuschl
81	FUS	Hoell_2011	SRR070449	ftp://ftp.sra.ebi.ac.uk/vol1/fastq/SRR070/SRR070449/SRR070449.fastq.gz	pass	pass	T1	972236	0.7471138247	0.4351839544	0.4993259263	FUS_SRR070449	1	Tuschl
82	FUS	Hoell_2011	SRR070448	ftp://ftp.sra.ebi.ac.uk/vol1/fastq/SRR070/SRR070448/SRR070448.fastq.gz	pass	pass	T1	236982	0.8315092515	0.9692587179	1.1396805687	FUS_SRR070448	1	Tuschl
83	FUS	Hoell_2011	SRR070450	ftp://ftp.sra.ebi.ac.uk/vol1/fastq/SRR070/SRR070450/SRR070450.fastq.gz	pass	pass	T1	598256	0.7712265863	0.4293507619	0.5703294202	FUS_SRR070450	2	Tuschl
84	FUS	Yokoshi_2014	DRR014099	ftp://ftp.sra.ebi.ac.uk/vol1/fastq/DRR014/DRR014099/DRR014099.fastq.gz	pass	fail	T1	229224	0.7033086094	0.9641592395	1.7629412454	FUS_DRR014099	1	Kawahara
85	FXR1	Ascano_2012	SRR527731	ftp://ftp.sra.ebi.ac.uk/vol1/fastq/SRR527/SRR527731/SRR527731.fastq.gz	pass	pass	T1	171200	0.8395289819	0.593201746	0.746242559	FXR1_SRR527731	1	Tuschl
86	FXR2	Ascano_2012	SRR527732	ftp://ftp.sra.ebi.ac.uk/vol1/fastq/SRR527/SRR527732/SRR527732.fastq.gz	pass	pass	T1	625287	0.8547026451	0.4809302197	0.7982373984	FXR2_SRR527732	1	Tuschl
87	HNRNPC	Liu_2015	SRR1198834	ftp://ftp.sra.ebi.ac.uk/vol1/fastq/SRR119/004/SRR1198834/SRR1198834.fastq.gz	pass	pass	I	21245716	0.853910288	0.2102803831	0.808491669	HNRNPC_SRR1198834	1	He
88	HNRNPC	Liu_2015	SRR1198835	ftp://ftp.sra.ebi.ac.uk/vol1/fastq/SRR119/005/SRR1198835/SRR1198835.fastq.gz	pass	pass	I	21845009	0.8664300057	0.2644111964	0.8343704908	HNRNPC_SRR1198835	2	He
89	HNRNPD	Yoon_2014	SRR1042839	ftp://ftp.sra.ebi.ac.uk/vol1/fastq/SRR104/009/SRR1042839/SRR1042839.fastq.gz	fail	NA	NA	NA	NA	NA	NA	NA	1	Tuschl
90	HNRNPD	Yoon_2014	SRR1042840	ftp://ftp.sra.ebi.ac.uk/vol1/fastq/SRR104/000/SRR1042840/SRR1042840.fastq.gz	fail	NA	NA	NA	NA	NA	NA	NA	1	Tuschl
91	HNRNPD	Yoon_2014	SRR1042842	ftp://ftp.sra.ebi.ac.uk/vol1/fastq/SRR104/002/SRR1042842/SRR1042842.fastq.gz	pass	pass	T1	870518	0.7820178195	0.7785596966	0.6692079948	HNRNPD_SRR1042842	1	Tuschl
92	IGF2BP1	Hafner_2010	SRR048953	ftp://ftp.sra.ebi.ac.uk/vol1/fastq/SRR048/SRR048953/SRR048953.fastq.gz	pass	fail	T1	134813	0.4124868027	0.7507078477	0.1986042962	IGF2BP1_SRR048953	4	Tuschl
93	IGF2BP1	Hafner_2010	SRR048954	ftp://ftp.sra.ebi.ac.uk/vol1/fastq/SRR048/SRR048954/SRR048954.fastq.gz	pass	fail	T1	33751	0.1318352522	0.9648006566	-0.6988878252	IGF2BP1_SRR048954	5	Tuschl
94	IGF2BP1	Hafner_2010	SRR048950	ftp://ftp.sra.ebi.ac.uk/vol1/fastq/SRR048/SRR048950/SRR048950.fastq.gz	pass	pass	T1	498990	0.8272669471	0.4061326997	0.7239063542	IGF2BP1_SRR048950	1	Tuschl
95	IGF2BP1	Hafner_2010	SRR048951	ftp://ftp.sra.ebi.ac.uk/vol1/fastq/SRR048/SRR048951/SRR048951.fastq.gz	pass	pass	T1	571507	0.7583172657	0.468518107	0.6759561145	IGF2BP1_SRR048951	2	Tuschl
96	IGF2BP1	Hafner_2010	SRR048952	ftp://ftp.sra.ebi.ac.uk/vol1/fastq/SRR048/SRR048952/SRR048952.fastq.gz	pass	pass	T1	371516	0.6077203262	0.7794161673	0.5689033953	IGF2BP1_SRR048952	3	Tuschl
97	IGF2BP1	Hafner_2010	SRR048955	ftp://ftp.sra.ebi.ac.uk/vol1/fastq/SRR048/SRR048955/SRR048955.fastq.gz	pass	pass	T1	77843	0.8500228246	0.5954017596	0.7527430242	IGF2BP1_SRR048955	6	Tuschl
98	IGF2BP2	Hafner_2010	SRR048960	ftp://ftp.sra.ebi.ac.uk/vol1/fastq/SRR048/SRR048960/SRR048960.fastq.gz	fail	NA	NA	NA	NA	NA	NA	NA	4	Tuschl
99	IGF2BP2	Hafner_2010	SRR048961	ftp://ftp.sra.ebi.ac.uk/vol1/fastq/SRR048/SRR048961/SRR048961.fastq.gz	fail	NA	NA	NA	NA	NA	NA	NA	5	Tuschl
100	IGF2BP2	Hafner_2010	SRR048957	ftp://ftp.sra.ebi.ac.uk/vol1/fastq/SRR048/SRR048957/SRR048957.fastq.gz	pass	pass	T1	891603	0.8428946763	0.5181042092	0.771112078	IGF2BP2_SRR048957	1	Tuschl
101	IGF2BP2	Hafner_2010	SRR048958	ftp://ftp.sra.ebi.ac.uk/vol1/fastq/SRR048/SRR048958/SRR048958.fastq.gz	pass	pass	T1	755493	0.7492061939	0.5549778655	0.6692232955	IGF2BP2_SRR048958	2	Tuschl
102	IGF2BP2	Hafner_2010	SRR048959	ftp://ftp.sra.ebi.ac.uk/vol1/fastq/SRR048/SRR048959/SRR048959.fastq.gz	pass	pass	T1	247511	0.5378229378	0.6640638369	0.4427160898	IGF2BP2_SRR048959	3	Tuschl
103	IGF2BP3	Hafner_2010	SRR048965	ftp://ftp.sra.ebi.ac.uk/vol1/fastq/SRR048/SRR048965/SRR048965.fastq.gz	fail	NA	NA	NA	NA	NA	NA	NA	4	Tuschl
104	IGF2BP3	Hafner_2010	SRR048966	ftp://ftp.sra.ebi.ac.uk/vol1/fastq/SRR048/SRR048966/SRR048966.fastq.gz	fail	NA	NA	NA	NA	NA	NA	NA	5	Tuschl
105	IGF2BP3	Hafner_2010	SRR048962	ftp://ftp.sra.ebi.ac.uk/vol1/fastq/SRR048/SRR048962/SRR048962.fastq.gz	pass	pass	T1	807494	0.8564082969	0.4227093031	0.7784876126	IGF2BP3_SRR048962	1	Tuschl
106	IGF2BP3	Hafner_2010	SRR048963	ftp://ftp.sra.ebi.ac.uk/vol1/fastq/SRR048/SRR048963/SRR048963.fastq.gz	pass	pass	T1	984629	0.7454885022	0.686208787	0.7338963567	IGF2BP3_SRR048963	2	Tuschl
107	IGF2BP3	Hafner_2010	SRR048964	ftp://ftp.sra.ebi.ac.uk/vol1/fastq/SRR048/SRR048964/SRR048964.fastq.gz	pass	pass	T1	602130	0.5087819334	0.5998722961	0.4738451368	IGF2BP3_SRR048964	3	Tuschl
108	Input	Friedersdorf_2014	SRR989638	ftp://ftp.sra.ebi.ac.uk/vol1/fastq/SRR989/SRR989638/SRR989638.fastq.gz	pass	fail	T1	3456427	0.3429677022	0.7649714551	0.5040775212	Input_SRR989638	1	Keene
109	L1RE1	Mandal_2013	SRR653235	ftp://ftp.sra.ebi.ac.uk/vol1/fastq/SRR653/SRR653235/SRR653235.fastq.gz	pass	pass	T1	2281319	0.6400287837	0.8724832673	0.3919248943	L1RE1_SRR653235	1	Kazazian
110	L1RE1	Mandal_2013	SRR653236	ftp://ftp.sra.ebi.ac.uk/vol1/fastq/SRR653/SRR653236/SRR653236.fastq.gz	pass	pass	T1	2025674	0.612648517	0.8202413941	0.3411395655	L1RE1_SRR653236	2	Kazazian
111	LIN28A	Hafner_2013	SRR764666	ftp://ftp.sra.ebi.ac.uk/vol1/fastq/SRR764/SRR764666/SRR764666.fastq.gz	pass	pass	T1	439739	0.7204454169	0.9602916289	0.7147193744	LIN28A_SRR764666	1	Tuschl
112	LIN28B	Graf_2013	SRR850551	ftp://ftp.sra.ebi.ac.uk/vol1/fastq/SRR850/SRR850551/SRR850551.fastq.gz	pass	fail	T1	254336	0.77130145	0.9935616797	0.7396609315	LIN28B_SRR850551	1	Landthaler/Rajewsky
113	LIN28B	Graf_2013	SRR850552	ftp://ftp.sra.ebi.ac.uk/vol1/fastq/SRR850/SRR850552/SRR850552.fastq.gz	pass	pass	T1	271014	0.6696412438	0.7193640318	0.3016002224	LIN28B_SRR850552	2	Landthaler/Rajewsky
114	LIN28B	Hafner_2013	SRR764669	ftp://ftp.sra.ebi.ac.uk/vol1/fastq/SRR764/SRR764669/SRR764669.fastq.gz	pass	fail	T1	419587	0.7960388362	0.958496804	0.8061495128	LIN28B_SRR764669	3	Tuschl
115	LIN28B	Hafner_2013	SRR764667	ftp://ftp.sra.ebi.ac.uk/vol1/fastq/SRR764/SRR764667/SRR764667.fastq.gz	pass	pass	T1	106711	0.7619661671	0.4298653526	0.6564539181	LIN28B_SRR764667	1	Tuschl
116	LIN28B	Hafner_2013	SRR764668	ftp://ftp.sra.ebi.ac.uk/vol1/fastq/SRR764/SRR764668/SRR764668.fastq.gz	pass	pass	T1	307724	0.8037473481	0.635745639	0.7569330763	LIN28B_SRR764668	2	Tuschl
117	METTL3	Ping_2014	SRR965316	ftp://ftp.sra.ebi.ac.uk/vol1/fastq/SRR965/SRR965316/SRR965316.fastq.gz	fail	NA	NA	NA	NA	NA	NA	NA	1	Yang
118	MOV10	Gregersen_2014	SRR921441	ftp://ftp.sra.ebi.ac.uk/vol1/fastq/SRR921/SRR921441/SRR921441.fastq.gz	pass	pass	T1	7313625	0.6132126652	0.6667546655	0.7614251623	MOV10_SRR921441	1	Landthaler/Rajewsky
119	MOV10	Gregersen_2014	SRR921442	ftp://ftp.sra.ebi.ac.uk/vol1/fastq/SRR921/SRR921442/SRR921442.fastq.gz	pass	pass	T1	7302643	0.6002084836	0.3073274277	0.6473485074	MOV10_SRR921442	2	Landthaler/Rajewsky
120	MOV10	Sievers_2012	SRR490650	ftp://ftp.sra.ebi.ac.uk/vol1/fastq/SRR490/SRR490650/SRR490650.fastq.gz	pass	pass	T1	2013290	0.8657659407	0.9093118043	0.9261398783	MOV10_SRR490650	1	Zavolan
121	NCBP3	Baltz_2012	SRR500480	ftp://ftp.sra.ebi.ac.uk/vol1/fastq/SRR500/SRR500480/SRR500480.fastq.gz	pass	fail	T1	10417	0.2581304822	0.9481504473	-0.2683369208	NCBP3_SRR500480	1	Landthaler/Rajewsky
122	NCBP3	Baltz_2012	SRR500481	ftp://ftp.sra.ebi.ac.uk/vol1/fastq/SRR500/SRR500481/SRR500481.fastq.gz	pass	pass	T1	99561	0.7489851191	0.9670980872	0.8448949196	NCBP3_SRR500481	2	Landthaler/Rajewsky
123	NOP56	Kishore_2013	SRR651724	ftp://ftp.sra.ebi.ac.uk/vol1/fastq/SRR651/SRR651724/SRR651724.fastq.gz	pass	pass	T1	724367	0.7131658893	0.7430144776	0.5334534267	NOP56_SRR651724	1	Zavolan
124	NOP58	Kishore_2013	SRR651722	ftp://ftp.sra.ebi.ac.uk/vol1/fastq/SRR651/SRR651722/SRR651722.fastq.gz	pass	pass	T1	629566	0.7870586881	0.4779645938	0.7039952009	NOP58_SRR651722	1	Zavolan
125	NOP58	Kishore_2013	SRR651723	ftp://ftp.sra.ebi.ac.uk/vol1/fastq/SRR651/SRR651723/SRR651723.fastq.gz	pass	pass	T1	426903	0.7998721672	0.4644985039	0.7163487923	NOP58_SRR651723	2	Zavolan
126	NUDT21	Martin_2012	SRR488725	ftp://ftp.sra.ebi.ac.uk/vol1/fastq/SRR488/SRR488725/SRR488725.fastq.gz	pass	pass	T1_I	1119459	0.8470639155	0.9579786812	1.0081340584	NUDT21_SRR488725	1	Zavolan
127	NUDT21	Martin_2012	SRR488726	ftp://ftp.sra.ebi.ac.uk/vol1/fastq/SRR488/SRR488726/SRR488726.fastq.gz	pass	pass	T1_I	2487677	0.6907330519	0.0779494798	0.5438059619	NUDT21_SRR488726	2	Zavolan
128	ORF1	Mandal_2013	SRR653237	ftp://ftp.sra.ebi.ac.uk/vol1/fastq/SRR653/SRR653237/SRR653237.fastq.gz	pass	pass	T1	2244258	0.5985161783	0.7940578099	0.2899596972	ORF1_SRR653237	1	Kazazian
129	ORF1	Mandal_2013	SRR653238	ftp://ftp.sra.ebi.ac.uk/vol1/fastq/SRR653/SRR653238/SRR653238.fastq.gz	pass	pass	T1	2628401	0.594190636	0.8268666749	0.2781716895	ORF1_SRR653238	2	Kazazian
130	PAPD5	Rammelt_2011	SRR452497	ftp://ftp.sra.ebi.ac.uk/vol1/fastq/SRR452/SRR452497/SRR452497.fastq.gz	fail	NA	NA	NA	NA	NA	NA	NA	2	Zavolan
131	PAPD5	Rammelt_2011	SRR452496	ftp://ftp.sra.ebi.ac.uk/vol1/fastq/SRR452/SRR452496/SRR452496.fastq.gz	pass	pass	T1	195836	0.5479651616	0.6781856377	0.2585139283	PAPD5_SRR452496	1	Zavolan
132	PTBP1	Raj_2014	SRR1269759	ftp://ftp.sra.ebi.ac.uk/vol1/fastq/SRR126/009/SRR1269759/SRR1269759.fastq.gz	pass	fail	I	8408	0.3987344777	0.8334849536	-0.1293070429	PTBP1_SRR1269759	1	Blencowe
133	PUM2	Hafner_2010	SRR048967	ftp://ftp.sra.ebi.ac.uk/vol1/fastq/SRR048/SRR048967/SRR048967.fastq.gz	pass	pass	T1	48429	0.8020495447	0.9443870687	0.9860041272	PUM2_SRR048967	1	Tuschl
134	PUM2	Hafner_2010	SRR048968	ftp://ftp.sra.ebi.ac.uk/vol1/fastq/SRR048/SRR048968/SRR048968.fastq.gz	pass	pass	T1	137523	0.8292867085	0.7293369602	0.7860485854	PUM2_SRR048968	2	Tuschl
135	QKI	Hafner_2010	SRR048971	ftp://ftp.sra.ebi.ac.uk/vol1/fastq/SRR048/SRR048971/SRR048971.fastq.gz	fail	NA	NA	NA	NA	NA	NA	NA	3	Tuschl
136	QKI	Hafner_2010	SRR048972	ftp://ftp.sra.ebi.ac.uk/vol1/fastq/SRR048/SRR048972/SRR048972.fastq.gz	fail	NA	NA	NA	NA	NA	NA	NA	4	Tuschl
137	QKI	Hafner_2010	SRR048969	ftp://ftp.sra.ebi.ac.uk/vol1/fastq/SRR048/SRR048969/SRR048969.fastq.gz	pass	pass	T1	45232	0.6635987274	0.9054109477	0.5544701235	QKI_SRR048969	1	Tuschl
138	QKI	Hafner_2010	SRR048970	ftp://ftp.sra.ebi.ac.uk/vol1/fastq/SRR048/SRR048970/SRR048970.fastq.gz	pass	pass	T1	44455	0.7026155594	0.9158009461	0.6669645343	QKI_SRR048970	2	Tuschl
139	RBM10	Wang_2013	SRR771562	ftp://ftp.sra.ebi.ac.uk/vol1/fastq/SRR771/SRR771562/SRR771562.fastq.gz	pass	pass	T1	2664775	0.868545783	0.9717562359	1.0509212818	RBM10_SRR771562	1	Landthaler/Rajewsky
140	RBM10	Wang_2013	SRR771563	ftp://ftp.sra.ebi.ac.uk/vol1/fastq/SRR771/SRR771563/SRR771563.fastq.gz	pass	pass	T1	5773112	0.7963615028	0.6991492889	0.7923102757	RBM10_SRR771563	2	Landthaler/Rajewsky
141	RBM20	Maatz_2014	ERR669914	ftp://ftp.sra.ebi.ac.uk/vol1/fastq/ERR669/ERR669914/ERR669914.fastq.gz	pass	pass	T1	756216	0.8560244242	0.9592143196	0.9496215261	RBM20_ERR669914	1	Landthaler/Rajewsky
142	RBM20	Maatz_2014	ERR669915	ftp://ftp.sra.ebi.ac.uk/vol1/fastq/ERR669/ERR669915/ERR669915.fastq.gz	pass	pass	T1	217607	0.5554480173	0.940655234	0.5776526263	RBM20_ERR669915	2	Landthaler/Rajewsky
143	RBPMS	Farazi_2014	SRR1188166	ftp://ftp.sra.ebi.ac.uk/vol1/fastq/SRR118/006/SRR1188166/SRR1188166.fastq.gz	pass	pass	T1	570047	0.8100649771	0.7289945781	0.7268409106	RBPMS_SRR1188166	1	Tuschl
144	RBPMS	Farazi_2014	SRR1188147	ftp://ftp.sra.ebi.ac.uk/vol1/fastq/SRR118/007/SRR1188147/SRR1188147.fastq.gz	pass	pass	T1	459975	0.6722002877	0.960012554	0.8625417086	RBPMS_SRR1188147	2	Tuschl
145	RC3H1	Murakawa_2015	SRR857933	ftp://ftp.sra.ebi.ac.uk/vol1/fastq/SRR857/SRR857933/SRR857933.fastq.gz	pass	fail	T1	240246	0.8274784584	0.9843661202	1.4348052832	RC3H1_SRR857933	1	Landthaler/Rajewsky
146	RC3H1	Murakawa_2015	SRR857934	ftp://ftp.sra.ebi.ac.uk/vol1/fastq/SRR857/SRR857934/SRR857934.fastq.gz	pass	fail	T1	201599	0.9005482629	0.9848818015	1.0801672383	RC3H1_SRR857934	2	Landthaler/Rajewsky
147	RTCB	Baltz_2012	SRR500482	ftp://ftp.sra.ebi.ac.uk/vol1/fastq/SRR500/SRR500482/SRR500482.fastq.gz	pass	pass	T1	113121	0.7205703025	0.506060297	0.5856785304	RTCB_SRR500482	1	Landthaler/Rajewsky
148	RTCB	Baltz_2012	SRR500483	ftp://ftp.sra.ebi.ac.uk/vol1/fastq/SRR500/SRR500483/SRR500483.fastq.gz	pass	pass	T1	171531	0.7423405314	0.9567716619	0.8402761889	RTCB_SRR500483	2	Landthaler/Rajewsky
149	SRRM4	Raj_2014	SRR1269756	ftp://ftp.sra.ebi.ac.uk/vol1/fastq/SRR126/006/SRR1269756/SRR1269756.fastq.gz	fail	NA	NA	NA	NA	NA	NA	NA	1	Blencowe
150	SRRM4	Raj_2014	SRR1269757	ftp://ftp.sra.ebi.ac.uk/vol1/fastq/SRR126/007/SRR1269757/SRR1269757.fastq.gz	fail	NA	NA	NA	NA	NA	NA	NA	2	Blencowe
151	SRRM4	Raj_2014	SRR1269758	ftp://ftp.sra.ebi.ac.uk/vol1/fastq/SRR126/008/SRR1269758/SRR1269758.fastq.gz	pass	pass	I	3282086	0.59207012	0.9287072267	0.769272894	SRRM4_SRR1269758	3	Blencowe
152	SSB	Garzia_2016	SRR4301753	ftp://ftp.sra.ebi.ac.uk/vol1/fastq/SRR430/003/SRR4301753/SRR4301753.fastq.gz	pass	pass	T1	1548880	0.6246848338	0.5157843112	0.5399816843	SSB_SRR4301753	1	Tuschl
153	TAF15	Hoell_2011	SRR070463	ftp://ftp.sra.ebi.ac.uk/vol1/fastq/SRR070/SRR070463/SRR070463.fastq.gz	pass	fail	T1	2915	0.8467220824	1	1.7066790213	TAF15_SRR070463	1	Tuschl
154	TAF15	Hoell_2011	SRR070462	ftp://ftp.sra.ebi.ac.uk/vol1/fastq/SRR070/SRR070462/SRR070462.fastq.gz	pass	pass	T1	406238	0.8044921159	0.7484393029	0.6767773594	TAF15_SRR070462	1	Tuschl
155	TARDBP	Yokoshi_2014	DRR014100	ftp://ftp.sra.ebi.ac.uk/vol1/fastq/DRR014/DRR014100/DRR014100.fastq.gz	pass	pass	T1	763546	0.5702179585	0.9481971379	1.2004112059	TARDBP_DRR014100	1	Kawahara
156	TNRC6A	Hafner_2010	SRR048982	ftp://ftp.sra.ebi.ac.uk/vol1/fastq/SRR048/SRR048982/SRR048982.fastq.gz	fail	NA	NA	NA	NA	NA	NA	NA	1	Tuschl
157	TNRC6A	Hafner_2010	SRR048983	ftp://ftp.sra.ebi.ac.uk/vol1/fastq/SRR048/SRR048983/SRR048983.fastq.gz	fail	NA	NA	NA	NA	NA	NA	NA	2	Tuschl
158	TNRC6B	Hafner_2010	SRR048984	ftp://ftp.sra.ebi.ac.uk/vol1/fastq/SRR048/SRR048984/SRR048984.fastq.gz	fail	NA	NA	NA	NA	NA	NA	NA	1	Tuschl
159	TNRC6B	Hafner_2010	SRR048985	ftp://ftp.sra.ebi.ac.uk/vol1/fastq/SRR048/SRR048985/SRR048985.fastq.gz	fail	NA	NA	NA	NA	NA	NA	NA	2	Tuschl
160	TNRC6C	Hafner_2010	SRR048986	ftp://ftp.sra.ebi.ac.uk/vol1/fastq/SRR048/SRR048986/SRR048986.fastq.gz	fail	NA	NA	NA	NA	NA	NA	NA	1	Tuschl
161	TNRC6C	Hafner_2010	SRR048987	ftp://ftp.sra.ebi.ac.uk/vol1/fastq/SRR048/SRR048987/SRR048987.fastq.gz	fail	NA	NA	NA	NA	NA	NA	NA	2	Tuschl
162	UPF1	Gregersen_2014	SRR921448	ftp://ftp.sra.ebi.ac.uk/vol1/fastq/SRR921/SRR921448/SRR921448.fastq.gz	fail	NA	NA	NA	NA	NA	NA	NA	2	Landthaler/Rajewsky
163	UPF1	Gregersen_2014	SRR921447	ftp://ftp.sra.ebi.ac.uk/vol1/fastq/SRR921/SRR921447/SRR921447.fastq.gz	pass	pass	T1	163993	0.8272819829	0.9043131148	0.8040996045	UPF1_SRR921447	1	Landthaler/Rajewsky
164	WDR33	Sch≈°nemann_2014	SRR1566437	ftp://ftp.sra.ebi.ac.uk/vol1/fastq/SRR156/007/SRR1566437/SRR1566437.fastq.gz	pass	fail	T1	7594	0.2673658238	0.6978136152	-0.5252081126	WDR33_SRR1566437	1	Zavolan
165	WTAP	Ping_2014	SRR965317	ftp://ftp.sra.ebi.ac.uk/vol1/fastq/SRR965/SRR965317/SRR965317.fastq.gz	fail	NA	NA	NA	NA	NA	NA	NA	1	Yang
166	ZC3H7B	Baltz_2012	SRR500486	ftp://ftp.sra.ebi.ac.uk/vol1/fastq/SRR500/SRR500486/SRR500486.fastq.gz	pass	pass	T1	690720	0.8715413324	0.8492897075	0.7687886322	ZC3H7B_SRR500486	1	Landthaler/Rajewsky
167	ZC3H7B	Baltz_2012	SRR500487	ftp://ftp.sra.ebi.ac.uk/vol1/fastq/SRR500/SRR500487/SRR500487.fastq.gz	pass	pass	T1	2541767	0.8250946282	0.6841425038	0.7815202785	ZC3H7B_SRR500487	2	Landthaler/Rajewsky
														
														
Not used because of Missing link or bad data														
93	HNRNPD	Yoon_2014	SRR1042842		pass	pass	T1	870518	0.7820178195	0.7785596966	0.6692079948	HNRNPD_SRR1042842	1	Tuschl
133	TP53	TP53	NA		pass	pass	T1	348027	0.7792618915	0.7594595872	0.6050657761	P53_NONO_P53_NONO	1	Tuschl
134	NONO	NONO	NA		pass	pass	T1	121100	0.5893002453	0.6411612561	0.3431642383	P54_TP53_P54_TP53	1	Tuschl
171	XPO5	XPO5	NA		pass	pass	T1	320454	0.8489804529	0.5287889721	0.832547146	XPO5_XPO5	1	Tuschl
46	DIS3 R1	Szczepinska_2015	SRR1724209	ftp://ftp.sra.ebi.ac.uk/vol1/fastq/SRR172/009/SRR1724209/SRR1724209_1.fastq.gz	fail	NA	NA	NA	NA	NA	NA	NA	1	Dz
	DIS3 R2			ftp://ftp.sra.ebi.ac.uk/vol1/fastq/SRR172/009/SRR1724209/SRR1724209_2.fastq.gz										
47	DIS3 R1	Szczepinska_2015	SRR1724210	ftp://ftp.sra.ebi.ac.uk/vol1/fastq/SRR172/000/SRR1724210/SRR1724210_1.fastq.gz	pass	pass	T1	22906	0.5328562286	0.929230251	0.7007783848	DIS3_SRR1724210	2	Dz
	DIS3 R2			ftp://ftp.sra.ebi.ac.uk/vol1/fastq/SRR172/000/SRR1724210/SRR1724210_2.fastq.gz										
